{
  "model": "checkpoints_real_synthetic/best.pt",
  "duration_s": 300.0,
  "seeds": [
    0,
    1,
    2
  ],
  "results_by_seed": {
    "0": {
      "correlation": 0.17617165351831568,
      "p_value": 0.5,
      "mean_pred_by_distance": {
        "0-20m": 0.00851089334099601,
        "20-40m": 0.00840113521553576,
        "40-60m": 0.0,
        "60-100m": 0.0,
        "100+m": 0.0
      },
      "distance_bins": [
        "0-20m",
        "20-40m",
        "40-60m",
        "60-100m",
        "100+m"
      ],
      "n_observations": 240,
      "mean_prediction": 0.008509064038905004,
      "mean_distance_to_nearest_school": 11.459338047380957
    },
    "1": {
      "correlation": 0.13846713968700003,
      "p_value": 0.5,
      "mean_pred_by_distance": {
        "0-20m": 0.00852979360921782,
        "20-40m": 0.008435245836153626,
        "40-60m": 0.0,
        "60-100m": 0.0,
        "100+m": 0.0
      },
      "distance_bins": [
        "0-20m",
        "20-40m",
        "40-60m",
        "60-100m",
        "100+m"
      ],
      "n_observations": 240,
      "mean_prediction": 0.008528217813000083,
      "mean_distance_to_nearest_school": 11.459338047380957
    },
    "2": {
      "correlation": 0.27409749677679474,
      "p_value": 0.001,
      "mean_pred_by_distance": {
        "0-20m": 0.008474669296894286,
        "20-40m": 0.008277947315946221,
        "40-60m": 0.0,
        "60-100m": 0.0,
        "100+m": 0.0
      },
      "distance_bins": [
        "0-20m",
        "20-40m",
        "40-60m",
        "60-100m",
        "100+m"
      ],
      "n_observations": 240,
      "mean_prediction": 0.008471390597211819,
      "mean_distance_to_nearest_school": 11.459338047380957
    }
  },
  "mean_correlation": 0.19624542999403682,
  "std_correlation": 0.057161267874754826,
  "interpretation": "WEAK/NONE: Model predictions don't correlate with proximity (r=0.196)"
}